Workbook

Sheet Resumen
A1: Resumen de presupuesto — CNC Magia Roja v3
A2: INTERNO. Alcance: solo v3 (v1 y v2 son historia, no se presupuestan). Todo se calcula solo.
A4: TOTALES
A5: Total materiales (COP) | B5: =Materiales!I65 -> 0
A6: Total horas | B6: =Horas!E65 -> 0
A7: Costo mano de obra (COP) | B7: =Horas!G65 -> 0
A8: COSTO TOTAL DEL PROYECTO (COP) | B8: =B5+B7 -> 0
A10: HORAS Y COSTO POR PROCESO
A11: Proceso | B11: Horas | C11: Costo (COP)
A12: Mecánica | B12: =SUMIF(Horas!$B$4:$B$63,A12,Horas!$E$4:$E$63) -> 0 | C12: =SUMIF(Horas!$B$4:$B$63,A12,Horas!$G$4:$G$63) -> 0
A13: Eléctrica | B13: =SUMIF(Horas!$B$4:$B$63,A13,Horas!$E$4:$E$63) -> 0 | C13: =SUMIF(Horas!$B$4:$B$63,A13,Horas!$G$4:$G$63) -> 0
A14: Electrónica | B14: =SUMIF(Horas!$B$4:$B$63,A14,Horas!$E$4:$E$63) -> 0 | C14: =SUMIF(Horas!$B$4:$B$63,A14,Horas!$G$4:$G$63) -> 0
A15: Programación/Configuración | B15: =SUMIF(Horas!$B$4:$B$63,A15,Horas!$E$4:$E$63) -> 0 | C15: =SUMIF(Horas!$B$4:$B$63,A15,Horas!$G$4:$G$63) -> 0
A16: Pruebas | B16: =SUMIF(Horas!$B$4:$B$63,A16,Horas!$E$4:$E$63) -> 0 | C16: =SUMIF(Horas!$B$4:$B$63,A16,Horas!$G$4:$G$63) -> 0
A17: Documentación | B17: =SUMIF(Horas!$B$4:$B$63,A17,Horas!$E$4:$E$63) -> 0 | C17: =SUMIF(Horas!$B$4:$B$63,A17,Horas!$G$4:$G$63) -> 0
A18: Otro | B18: =SUMIF(Horas!$B$4:$B$63,A18,Horas!$E$4:$E$63) -> 0 | C18: =SUMIF(Horas!$B$4:$B$63,A18,Horas!$G$4:$G$63) -> 0
A20: HORAS Y COSTO POR ROL
A21: Rol | B21: Horas | C21: Costo (COP)
A22: Mecánico | B22: =SUMIF(Horas!$C$4:$C$63,A22,Horas!$E$4:$E$63) -> 0 | C22: =SUMIF(Horas!$C$4:$C$63,A22,Horas!$G$4:$G$63) -> 0
A23: Electricista | B23: =SUMIF(Horas!$C$4:$C$63,A23,Horas!$E$4:$E$63) -> 0 | C23: =SUMIF(Horas!$C$4:$C$63,A23,Horas!$G$4:$G$63) -> 0
A24: Electrónico | B24: =SUMIF(Horas!$C$4:$C$63,A24,Horas!$E$4:$E$63) -> 0 | C24: =SUMIF(Horas!$C$4:$C$63,A24,Horas!$G$4:$G$63) -> 0
A25: Programador | B25: =SUMIF(Horas!$C$4:$C$63,A25,Horas!$E$4:$E$63) -> 0 | C25: =SUMIF(Horas!$C$4:$C$63,A25,Horas!$G$4:$G$63) -> 0

Sheet Tarifas
A1: Tarifas por hora por rol — CNC Magia Roja v3
A2: INTERNO. Amarillo = pendiente de definir. Fuente de la columna Rol para la hoja Horas.
A3: Rol | B3: Tarifa (COP/hora) | C3: Notas
A4: Mecánico | B4: 0 | C4: PENDIENTE: definir tarifa
A5: Electricista | B5: 0 | C5: PENDIENTE: definir tarifa
A6: Electrónico | B6: 0 | C6: PENDIENTE: definir tarifa
A7: Programador | B7: 0 | C7: PENDIENTE: definir tarifa

Sheet Materiales
A1: Materiales — CNC Magia Roja v3
A2: INTERNO. Solo v3. Compra en COP: llenar H. Compra en USD: llenar J (USD) y K (tasa) y en H escribir la fórmula =J{fila}*K{fila}. bom_id enlaza con conocimiento/maquina/componentes/bom.yaml
A3: Fecha | B3: Categoría | C3: Ítem | D3: bom_id | E3: Proveedor | F3: Cantidad | G3: Unidad | H3: Precio unit. (COP) | I3: Total (COP) | J3: Precio unit. (USD) | K3: Tasa cambio (COP/USD) | L3: Estimado | M3: Notas
I4: =IF(AND(ISNUMBER(F4),ISNUMBER(H4)),F4*H4,"")
I5: =IF(AND(ISNUMBER(F5),ISNUMBER(H5)),F5*H5,"")
I6: =IF(AND(ISNUMBER(F6),ISNUMBER(H6)),F6*H6,"")
I7: =IF(AND(ISNUMBER(F7),ISNUMBER(H7)),F7*H7,"")
I8: =IF(AND(ISNUMBER(F8),ISNUMBER(H8)),F8*H8,"")
I9: =IF(AND(ISNUMBER(F9),ISNUMBER(H9)),F9*H9,"")
I10: =IF(AND(ISNUMBER(F10),ISNUMBER(H10)),F10*H10,"")
I11: =IF(AND(ISNUMBER(F11),ISNUMBER(H11)),F11*H11,"")
I12: =IF(AND(ISNUMBER(F12),ISNUMBER(H12)),F12*H12,"")
I13: =IF(AND(ISNUMBER(F13),ISNUMBER(H13)),F13*H13,"")
I14: =IF(AND(ISNUMBER(F14),ISNUMBER(H14)),F14*H14,"")
I15: =IF(AND(ISNUMBER(F15),ISNUMBER(H15)),F15*H15,"")
... I63: =IF(AND(ISNUMBER(F63),ISNUMBER(H63)),F63*H63,"")
H65: TOTAL MATERIALES (COP) | I65: =SUM(I4:I63) -> 0

Sheet Horas
A1: Horas invertidas por proceso — CNC Magia Roja v3
A2: INTERNO. Solo v3. El costo se calcula con la tarifa del rol (hoja Tarifas).
A3: Fecha | B3: Proceso | C3: Rol | D3: Quién | E3: Horas | F3: Descripción | G3: Costo (COP)
G4: =IF(AND(ISNUMBER(E4),C4<>""),E4*IFERROR(VLOOKUP(C4,Tarifas!$A$4:$B$7,2,0),0),"")
G5: =IF(AND(ISNUMBER(E5),C5<>""),E5*IFERROR(VLOOKUP(C5,Tarifas!$A$4:$B$7,2,0),0),"")
G6: =IF(AND(ISNUMBER(E6),C6<>""),E6*IFERROR(VLOOKUP(C6,Tarifas!$A$4:$B$7,2,0),0),"")
G7: =IF(AND(ISNUMBER(E7),C7<>""),E7*IFERROR(VLOOKUP(C7,Tarifas!$A$4:$B$7,2,0),0),"")
G8: =IF(AND(ISNUMBER(E8),C8<>""),E8*IFERROR(VLOOKUP(C8,Tarifas!$A$4:$B$7,2,0),0),"")
G9: =IF(AND(ISNUMBER(E9),C9<>""),E9*IFERROR(VLOOKUP(C9,Tarifas!$A$4:$B$7,2,0),0),"")
G10: =IF(AND(ISNUMBER(E10),C10<>""),E10*IFERROR(VLOOKUP(C10,Tarifas!$A$4:$B$7,2,0),0),"")
G11: =IF(AND(ISNUMBER(E11),C11<>""),E11*IFERROR(VLOOKUP(C11,Tarifas!$A$4:$B$7,2,0),0),"")
G12: =IF(AND(ISNUMBER(E12),C12<>""),E12*IFERROR(VLOOKUP(C12,Tarifas!$A$4:$B$7,2,0),0),"")
G13: =IF(AND(ISNUMBER(E13),C13<>""),E13*IFERROR(VLOOKUP(C13,Tarifas!$A$4:$B$7,2,0),0),"")
G14: =IF(AND(ISNUMBER(E14),C14<>""),E14*IFERROR(VLOOKUP(C14,Tarifas!$A$4:$B$7,2,0),0),"")
G15: =IF(AND(ISNUMBER(E15),C15<>""),E15*IFERROR(VLOOKUP(C15,Tarifas!$A$4:$B$7,2,0),0),"")
... G63: =IF(AND(ISNUMBER(E63),C63<>""),E63*IFERROR(VLOOKUP(C63,Tarifas!$A$4:$B$7,2,0),0),"")
D65: TOTALES | E65: =SUM(E4:E63) -> 0 | G65: =SUM(G4:G63) -> 0
